<?xml version="1.0" encoding="UTF-8"?>
<project-private xmlns="http://www.netbeans.org/ns/project-private/1">
    <editor-bookmarks xmlns="http://www.netbeans.org/ns/editor-bookmarks/2" lastBookmarkId="0"/>
    <open-files xmlns="http://www.netbeans.org/ns/projectui-open-files/2">
        <group>
            <file>file:/C:/Users/User/Documents/NetBeansProjects/Software2/web/styleother.css</file>
            <file>file:/C:/Users/User/Documents/NetBeansProjects/Software2/web/EditSite.jsp</file>
            <file>file:/C:/Users/User/Documents/NetBeansProjects/Software2/web/AddSite.jsp</file>
            <file>file:/C:/Users/User/Documents/NetBeansProjects/Software2/src/java/Software/CanAddAdvertisement.java</file>
            <file>file:/C:/Users/User/Documents/NetBeansProjects/Software2/web/MuseumsPage.jsp</file>
            <file>file:/C:/Users/User/Documents/NetBeansProjects/Software2/web/homepage.jsp</file>
            <file>file:/C:/Users/User/Documents/NetBeansProjects/Software2/src/java/Software/NextSite.java</file>
            <file>file:/C:/Users/User/Documents/NetBeansProjects/Software2/src/java/Software/AddTourGuide.java</file>
            <file>file:/C:/Users/User/Documents/NetBeansProjects/Software2/src/java/Software/LoginServlet.java</file>
            <file>file:/C:/Users/User/Documents/NetBeansProjects/Software2/web/AddAnotherAdvertisement.jsp</file>
            <file>file:/C:/Users/User/Documents/NetBeansProjects/Software2/web/DeleteTourGuides.jsp</file>
            <file>file:/C:/Users/User/Documents/NetBeansProjects/Software2/src/java/Software/CreateAccServlet.java</file>
            <file>file:/C:/Users/User/Documents/NetBeansProjects/Software2/web/DeleteAdvertiser.jsp</file>
            <file>file:/C:/Users/User/Documents/NetBeansProjects/Software2/src/java/Software/AddAdvertisement.java</file>
            <file>file:/C:/Users/User/Documents/NetBeansProjects/Software2/src/java/Software/Model.java</file>
            <file>file:/C:/Users/User/Documents/NetBeansProjects/Software2/web/ViewSite.jsp</file>
            <file>file:/C:/Users/User/Documents/NetBeansProjects/Software2/web/ViewAdvertiser.jsp</file>
            <file>file:/C:/Users/User/Documents/NetBeansProjects/Software2/web/AdvertiserHomePage.jsp</file>
            <file>file:/C:/Users/User/Documents/NetBeansProjects/Software2/src/java/Software/UserForAdmin.java</file>
            <file>file:/C:/Users/User/Documents/NetBeansProjects/Software2/web/NoMoreAdvertisement.jsp</file>
            <file>file:/C:/Users/User/Documents/NetBeansProjects/Software2/web/WEB-INF/web.xml</file>
            <file>file:/C:/Users/User/Documents/NetBeansProjects/Software2/src/java/Software/AdvertiserId.java</file>
            <file>file:/C:/Users/User/Documents/NetBeansProjects/Software2/web/PayFees.jsp</file>
            <file>file:/C:/Users/User/Documents/NetBeansProjects/Software2/src/java/Software/AdminGetTourGuides.java</file>
            <file>file:/C:/Users/User/Documents/NetBeansProjects/Software2/web/ViewTourGuides.jsp</file>
            <file>file:/C:/Users/User/Documents/NetBeansProjects/Software2/web/EveryThingPaid.jsp</file>
            <file>file:/C:/Users/User/Documents/NetBeansProjects/Software2/web/MuPageStyle2.css</file>
            <file>file:/C:/Users/User/Documents/NetBeansProjects/Software2/web/PayFees2.jsp</file>
            <file>file:/C:/Users/User/Documents/NetBeansProjects/Software2/src/java/Software/AddAnotherAdvertisement.java</file>
            <file>file:/C:/Users/User/Documents/NetBeansProjects/Software2/web/Finish.jsp</file>
            <file>file:/C:/Users/User/Documents/NetBeansProjects/Software2/web/AddAdvertisement.jsp</file>
            <file>file:/C:/Users/User/Documents/NetBeansProjects/Software2/web/guest.jsp</file>
        </group>
    </open-files>
</project-private>
