<?xml version="1.0" encoding="UTF-8"?>
<project-private xmlns="http://www.netbeans.org/ns/project-private/1">
    <editor-bookmarks xmlns="http://www.netbeans.org/ns/editor-bookmarks/2" lastBookmarkId="0"/>
    <open-files xmlns="http://www.netbeans.org/ns/projectui-open-files/2">
        <group>
            <file>file:/C:/Users/User/Documents/NetBeansProjects/Software2/src/java/Software/AdminGetAdvertiser.java</file>
            <file>file:/C:/Users/User/Documents/NetBeansProjects/Software2/web/ViewAdvertiser.jsp</file>
            <file>file:/C:/Users/User/Documents/NetBeansProjects/Software2/src/java/Software/AddAdvertiser.java</file>
            <file>file:/C:/Users/User/Documents/NetBeansProjects/Software2/src/java/Software/DeleteAdvertiser.java</file>
            <file>file:/C:/Users/User/Documents/NetBeansProjects/Software2/web/AdminHomePage.jsp</file>
            <file>file:/C:/Users/User/Documents/NetBeansProjects/Software2/web/DeleteAdvertiser.jsp</file>
        </group>
    </open-files>
</project-private>
